STATION,NAME,LATITUDE,LONGITUDE,ELEVATION,DATE,AWND,AWND_ATTRIBUTES,PRCP,PRCP_ATTRIBUTES,SNOW,SNOW_ATTRIBUTES,SNWD,SNWD_ATTRIBUTES,TAVG,TAVG_ATTRIBUTES,TMAX,TMAX_ATTRIBUTES,TMIN,TMIN_ATTRIBUTES
USW00094728,"NY CITY CENTRAL PARK, NY US",40.77898,-73.96925,42.7,1/1/2019,,,0.06,",,W,2400",0,",,W,2400",0,",,W,2400",,,58,",,W",39,",,W"
USW00094728,"NY CITY CENTRAL PARK, NY US",40.77898,-73.96925,42.7,1/2/2019,,,0,",,W,2400",0,",,W,2400",0,",,W,2400",,,40,",,W",35,",,W"
USW00094728,"NY CITY CENTRAL PARK, NY US",40.77898,-73.96925,42.7,1/3/2019,,,0,",,W,2400",0,",,W,2400",0,",,W,2400",,,44,",,W",37,",,W"
USW00094728,"NY CITY CENTRAL PARK, NY US",40.77898,-73.96925,42.7,1/4/2019,,,0,",,W,2400",0,",,W,2400",0,",,W,2400",,,47,",,W",35,",,W"
USW00094728,"NY CITY CENTRAL PARK, NY US",40.77898,-73.96925,42.7,1/5/2019,,,0.5,",,W,2400",0,",,W,2400",0,",,W,2400",,,47,",,W",41,",,W"
USW00094728,"NY CITY CENTRAL PARK, NY US",40.77898,-73.96925,42.7,1/6/2019,,,0,"T,,W,2400",0,",,W,2400",0,",,W,2400",,,49,",,W",31,",,W"
USW00094728,"NY CITY CENTRAL PARK, NY US",40.77898,-73.96925,42.7,1/7/2019,,,0,",,W,2400",0,",,W,2400",0,",,W,2400",,,34,",,W",25,",,W"
USW00094728,"NY CITY CENTRAL PARK, NY US",40.77898,-73.96925,42.7,1/8/2019,,,0.17,",,W,2400",0,"T,,W,2400",0,",,W,2400",,,45,",,W",34,",,W"
USW00094728,"NY CITY CENTRAL PARK, NY US",40.77898,-73.96925,42.7,1/9/2019,,,0.06,",,W,2400",0,",,W,2400",0,",,W,2400",,,45,",,W",34,",,W"
USW00094728,"NY CITY CENTRAL PARK, NY US",40.77898,-73.96925,42.7,1/10/2019,,,0,",,W,2400",0,",,W,2400",0,",,W,2400",,,34,",,W",28,",,W"
USW00094728,"NY CITY CENTRAL PARK, NY US",40.77898,-73.96925,42.7,1/11/2019,,,0,",,W,2400",0,",,W,2400",0,",,W,2400",,,30,",,W",21,",,W"
USW00094728,"NY CITY CENTRAL PARK, NY US",40.77898,-73.96925,42.7,1/12/2019,,,0,",,W,2400",0,",,W,2400",0,",,W,2400",,,34,",,W",20,",,W"
USW00094728,"NY CITY CENTRAL PARK, NY US",40.77898,-73.96925,42.7,1/13/2019,,,0,"T,,W,2400",0,"T,,W,2400",0,",,W,2400",,,33,",,W",25,",,W"
USW00094728,"NY CITY CENTRAL PARK, NY US",40.77898,-73.96925,42.7,1/14/2019,,,0,",,W,2400",0,",,W,2400",0,",,W,2400",,,32,",,W",22,",,W"
USW00094728,"NY CITY CENTRAL PARK, NY US",40.77898,-73.96925,42.7,1/15/2019,,,0,",,W,2400",0,",,W,2400",0,",,W,2400",,,36,",,W",25,",,W"
USW00094728,"NY CITY CENTRAL PARK, NY US",40.77898,-73.96925,42.7,1/16/2019,,,0,",,W,2400",0,",,W,2400",0,",,W,2400",,,39,",,W",30,",,W"
USW00094728,"NY CITY CENTRAL PARK, NY US",40.77898,-73.96925,42.7,1/17/2019,,,0,",,W,2400",0,",,W,2400",0,",,W,2400",,,33,",,W",24,",,W"
USW00094728,"NY CITY CENTRAL PARK, NY US",40.77898,-73.96925,42.7,1/18/2019,,,0.05,",,W,2400",0.5,",,W,2400",1.2,",,W,2400",,,39,",,W",29,",,W"
USW00094728,"NY CITY CENTRAL PARK, NY US",40.77898,-73.96925,42.7,1/19/2019,,,0.29,",,W,2400",0.2,",,W,2400",0,",,W,2400",,,37,",,W",32,",,W"
USW00094728,"NY CITY CENTRAL PARK, NY US",40.77898,-73.96925,42.7,1/20/2019,,,0.88,",,W,2400",0,",,W,2400",0,",,W,2400",,,42,",,W",14,",,W"
USW00094728,"NY CITY CENTRAL PARK, NY US",40.77898,-73.96925,42.7,1/21/2019,,,0,",,W,2400",0,",,W,2400",0,",,W,2400",,,14,",,W",4,",,W"
USW00094728,"NY CITY CENTRAL PARK, NY US",40.77898,-73.96925,42.7,1/22/2019,,,0,",,W,2400",0,",,W,2400",0,",,W,2400",,,31,",,W",13,",,W"
USW00094728,"NY CITY CENTRAL PARK, NY US",40.77898,-73.96925,42.7,1/23/2019,,,0,"T,,W,2400",0,",,W,2400",0,",,W,2400",,,52,",,W",31,",,W"
USW00094728,"NY CITY CENTRAL PARK, NY US",40.77898,-73.96925,42.7,1/24/2019,,,1.33,",,W,2400",0,",,W,2400",0,",,W,2400",,,59,",,W",35,",,W"
USW00094728,"NY CITY CENTRAL PARK, NY US",40.77898,-73.96925,42.7,1/25/2019,,,0,",,W,2400",0,",,W,2400",0,",,W,2400",,,40,",,W",28,",,W"
USW00094728,"NY CITY CENTRAL PARK, NY US",40.77898,-73.96925,42.7,1/26/2019,,,0,",,W,2400",0,",,W,2400",0,",,W,2400",,,35,",,W",24,",,W"
USW00094728,"NY CITY CENTRAL PARK, NY US",40.77898,-73.96925,42.7,1/27/2019,,,0,",,W,2400",0,",,W,2400",0,",,W,2400",,,49,",,W",32,",,W"
USW00094728,"NY CITY CENTRAL PARK, NY US",40.77898,-73.96925,42.7,1/28/2019,,,0,",,W,2400",0,",,W,2400",0,",,W,2400",,,38,",,W",25,",,W"
USW00094728,"NY CITY CENTRAL PARK, NY US",40.77898,-73.96925,42.7,1/29/2019,,,0.23,",,W,2400",0,"T,,W,2400",0,",,W,2400",,,43,",,W",25,",,W"
USW00094728,"NY CITY CENTRAL PARK, NY US",40.77898,-73.96925,42.7,1/30/2019,,,0.01,",,W,2400",0.4,",,W,2400",0,",,W,2400",,,35,",,W",6,",,W"
USW00094728,"NY CITY CENTRAL PARK, NY US",40.77898,-73.96925,42.7,1/31/2019,,,0,",,W,2400",0,",,W,2400",0,",,W,2400",,,16,",,W",2,",,W"
USW00094728,"NY CITY CENTRAL PARK, NY US",40.77898,-73.96925,42.7,2/1/2019,,,0,",,W,2400",0,",,W,2400",0,",,W,2400",,,21,",,W",11,",,W"
USW00094728,"NY CITY CENTRAL PARK, NY US",40.77898,-73.96925,42.7,2/2/2019,,,0,",,W,2400",0,",,W,2400",0,",,W,2400",,,34,",,W",16,",,W"
USW00094728,"NY CITY CENTRAL PARK, NY US",40.77898,-73.96925,42.7,2/3/2019,,,0,",,W,2400",0,",,W,2400",0,",,W,2400",,,53,",,W",33,",,W"
USW00094728,"NY CITY CENTRAL PARK, NY US",40.77898,-73.96925,42.7,2/4/2019,,,0,",,W,2400",0,",,W,2400",0,",,W,2400",,,61,",,W",41,",,W"
USW00094728,"NY CITY CENTRAL PARK, NY US",40.77898,-73.96925,42.7,2/5/2019,,,0,",,W,2400",0,",,W,2400",0,",,W,2400",,,65,",,W",44,",,W"
USW00094728,"NY CITY CENTRAL PARK, NY US",40.77898,-73.96925,42.7,2/6/2019,,,0.45,",,W,2400",0,",,W,2400",0,",,W,2400",,,46,",,W",35,",,W"
USW00094728,"NY CITY CENTRAL PARK, NY US",40.77898,-73.96925,42.7,2/7/2019,,,0.07,",,W,2400",0,",,W,2400",0,",,W,2400",,,44,",,W",39,",,W"
USW00094728,"NY CITY CENTRAL PARK, NY US",40.77898,-73.96925,42.7,2/8/2019,,,0.37,",,W,2400",0,",,W,2400",0,",,W,2400",,,55,",,W",32,",,W"
USW00094728,"NY CITY CENTRAL PARK, NY US",40.77898,-73.96925,42.7,2/9/2019,,,0,",,W,2400",0,",,W,2400",0,",,W,2400",,,32,",,W",23,",,W"
USW00094728,"NY CITY CENTRAL PARK, NY US",40.77898,-73.96925,42.7,2/10/2019,,,0,",,W,2400",0,",,W,2400",0,",,W,2400",,,35,",,W",23,",,W"
USW00094728,"NY CITY CENTRAL PARK, NY US",40.77898,-73.96925,42.7,2/11/2019,,,0,"T,,W,2400",0,"T,,W,2400",0,",,W,2400",,,38,",,W",30,",,W"
USW00094728,"NY CITY CENTRAL PARK, NY US",40.77898,-73.96925,42.7,2/12/2019,,,0.75,",,W,2400",1.2,",,W,2400",0,",,W,2400",,,36,",,W",26,",,W"
USW00094728,"NY CITY CENTRAL PARK, NY US",40.77898,-73.96925,42.7,2/13/2019,,,0.08,",,W,2400",0,"T,,W,2400",1.2,",,W,2400",,,41,",,W",33,",,W"
USW00094728,"NY CITY CENTRAL PARK, NY US",40.77898,-73.96925,42.7,2/14/2019,,,0,"T,,W,2400",0,"T,,W,2400",0,",,W,2400",,,46,",,W",33,",,W"
USW00094728,"NY CITY CENTRAL PARK, NY US",40.77898,-73.96925,42.7,2/15/2019,,,0,",,W,2400",0,",,W,2400",0,",,W,2400",,,59,",,W",42,",,W"
USW00094728,"NY CITY CENTRAL PARK, NY US",40.77898,-73.96925,42.7,2/16/2019,,,0,",,W,2400",0,",,W,2400",0,",,W,2400",,,47,",,W",32,",,W"
USW00094728,"NY CITY CENTRAL PARK, NY US",40.77898,-73.96925,42.7,2/17/2019,,,0.04,",,W,2400",0,",,W,2400",0,",,W,2400",,,38,",,W",26,",,W"
USW00094728,"NY CITY CENTRAL PARK, NY US",40.77898,-73.96925,42.7,2/18/2019,,,0.09,",,W,2400",0,",,W,2400",0,",,W,2400",,,42,",,W",26,",,W"
USW00094728,"NY CITY CENTRAL PARK, NY US",40.77898,-73.96925,42.7,2/19/2019,,,0,",,W,2400",0,",,W,2400",0,",,W,2400",,,36,",,W",23,",,W"
USW00094728,"NY CITY CENTRAL PARK, NY US",40.77898,-73.96925,42.7,2/20/2019,,,0.57,",,W,2400",1.3,",,W,2400",0,",,W,2400",,,33,",,W",26,",,W"
USW00094728,"NY CITY CENTRAL PARK, NY US",40.77898,-73.96925,42.7,2/21/2019,,,0.1,",,W,2400",0,",,W,2400",1.2,",,W,2400",,,52,",,W",33,",,W"
USW00094728,"NY CITY CENTRAL PARK, NY US",40.77898,-73.96925,42.7,2/22/2019,,,0,",,W,2400",0,",,W,2400",0,",,W,2400",,,44,",,W",36,",,W"
USW00094728,"NY CITY CENTRAL PARK, NY US",40.77898,-73.96925,42.7,2/23/2019,,,0.01,",,W,2400",0,",,W,2400",0,",,W,2400",,,42,",,W",32,",,W"
USW00094728,"NY CITY CENTRAL PARK, NY US",40.77898,-73.96925,42.7,2/24/2019,,,0.58,",,W,2400",0,",,W,2400",0,",,W,2400",,,47,",,W",36,",,W"
USW00094728,"NY CITY CENTRAL PARK, NY US",40.77898,-73.96925,42.7,2/25/2019,,,0,"T,,W,2400",0,",,W,2400",0,",,W,2400",,,43,",,W",28,",,W"
USW00094728,"NY CITY CENTRAL PARK, NY US",40.77898,-73.96925,42.7,2/26/2019,,,0,",,W,2400",0,",,W,2400",0,",,W,2400",,,36,",,W",25,",,W"
USW00094728,"NY CITY CENTRAL PARK, NY US",40.77898,-73.96925,42.7,2/27/2019,,,0,"T,,W,2400",0,"T,,W,2400",0,",,W,2400",,,31,",,W",23,",,W"
USW00094728,"NY CITY CENTRAL PARK, NY US",40.77898,-73.96925,42.7,2/28/2019,,,0.03,",,W,2400",0.1,",,W,2400",0,"T,,W,2400",,,37,",,W",27,",,W"
USW00094728,"NY CITY CENTRAL PARK, NY US",40.77898,-73.96925,42.7,3/1/2019,,,0.11,",,W,2400",1.4,",,W,2400",1.2,",,W,2400",,,35,",,W",26,",,W"
USW00094728,"NY CITY CENTRAL PARK, NY US",40.77898,-73.96925,42.7,3/2/2019,,,0.53,",,W,2400",4,",,W,2400",3.9,",,W,2400",,,41,",,W",31,",,W"
USW00094728,"NY CITY CENTRAL PARK, NY US",40.77898,-73.96925,42.7,3/3/2019,,,0.52,",,W,2400",3,",,W,2400",1.2,",,W,2400",,,42,",,W",33,",,W"
USW00094728,"NY CITY CENTRAL PARK, NY US",40.77898,-73.96925,42.7,3/4/2019,,,0.29,",,W,2400",2,",,W,2400",3.9,",,W,2400",,,38,",,W",28,",,W"
USW00094728,"NY CITY CENTRAL PARK, NY US",40.77898,-73.96925,42.7,3/5/2019,,,0,",,W,2400",0,",,W,2400",2,",,W,2400",,,32,",,W",20,",,W"
USW00094728,"NY CITY CENTRAL PARK, NY US",40.77898,-73.96925,42.7,3/6/2019,,,0,"T,,W,2400",0,"T,,W,2400",1.2,",,W,2400",,,26,",,W",19,",,W"
USW00094728,"NY CITY CENTRAL PARK, NY US",40.77898,-73.96925,42.7,3/7/2019,,,0,",,W,2400",0,",,W,2400",1.2,",,W,2400",,,32,",,W",18,",,W"
USW00094728,"NY CITY CENTRAL PARK, NY US",40.77898,-73.96925,42.7,3/8/2019,,,0,",,W,2400",0,",,W,2400",0,",,W,2400",,,39,",,W",24,",,W"
USW00094728,"NY CITY CENTRAL PARK, NY US",40.77898,-73.96925,42.7,3/9/2019,,,0,",,W,2400",0,",,W,2400",0,",,W,2400",,,49,",,W",34,",,W"
USW00094728,"NY CITY CENTRAL PARK, NY US",40.77898,-73.96925,42.7,3/10/2019,,,0.54,",,W,2400",0,",,W,2400",0,",,W,2400",,,43,",,W",35,",,W"
USW00094728,"NY CITY CENTRAL PARK, NY US",40.77898,-73.96925,42.7,3/11/2019,9.17,",,W",0,",,W,2400",0,",,W,2400",0,",,W,2400",,,53,",,W",39,",,W"
USW00094728,"NY CITY CENTRAL PARK, NY US",40.77898,-73.96925,42.7,3/12/2019,8.95,",,W",0,",,W,2400",0,",,W,2400",0,",,W,2400",,,44,",,W",34,",,W"
USW00094728,"NY CITY CENTRAL PARK, NY US",40.77898,-73.96925,42.7,3/13/2019,2.46,",,W",0,",,W,2400",0,",,W,2400",0,",,W,2400",,,49,",,W",32,",,W"
USW00094728,"NY CITY CENTRAL PARK, NY US",40.77898,-73.96925,42.7,3/14/2019,2.91,",,W",0,",,W,2400",0,",,W,2400",0,",,W,2400",,,57,",,W",42,",,W"
USW00094728,"NY CITY CENTRAL PARK, NY US",40.77898,-73.96925,42.7,3/15/2019,2.24,",,W",0.39,",,W,2400",0,",,W,2400",0,",,W,2400",,,75,",,W",49,",,W"
USW00094728,"NY CITY CENTRAL PARK, NY US",40.77898,-73.96925,42.7,3/16/2019,10.07,",,W",0,",,W,2400",0,",,W,2400",0,",,W,2400",,,58,",,W",37,",,W"
USW00094728,"NY CITY CENTRAL PARK, NY US",40.77898,-73.96925,42.7,3/17/2019,6.26,",,W",0,",,W,2400",0,",,W,2400",0,",,W,2400",,,45,",,W",34,",,W"
USW00094728,"NY CITY CENTRAL PARK, NY US",40.77898,-73.96925,42.7,3/18/2019,2.01,",,W",0,",,W,2400",0,",,W,2400",0,",,W,2400",,,46,",,W",32,",,W"
USW00094728,"NY CITY CENTRAL PARK, NY US",40.77898,-73.96925,42.7,3/19/2019,3.13,",,W",0,",,W,2400",0,",,W,2400",0,",,W,2400",,,51,",,W",35,",,W"
USW00094728,"NY CITY CENTRAL PARK, NY US",40.77898,-73.96925,42.7,3/20/2019,2.91,",,W",0,",,W,2400",0,",,W,2400",0,",,W,2400",,,53,",,W",37,",,W"
USW00094728,"NY CITY CENTRAL PARK, NY US",40.77898,-73.96925,42.7,3/21/2019,7.83,",,W",0.75,",,W,2400",0,",,W,2400",0,",,W,2400",,,46,",,W",41,",,W"
USW00094728,"NY CITY CENTRAL PARK, NY US",40.77898,-73.96925,42.7,3/22/2019,10.74,",,W",0.68,",,W,2400",0,",,W,2400",0,",,W,2400",,,49,",,W",38,",,W"
USW00094728,"NY CITY CENTRAL PARK, NY US",40.77898,-73.96925,42.7,3/23/2019,9.84,",,W",0,",,W,2400",0,",,W,2400",0,",,W,2400",,,48,",,W",35,",,W"
USW00094728,"NY CITY CENTRAL PARK, NY US",40.77898,-73.96925,42.7,3/24/2019,4.47,",,W",0,",,W,2400",0,",,W,2400",0,",,W,2400",,,60,",,W",38,",,W"
USW00094728,"NY CITY CENTRAL PARK, NY US",40.77898,-73.96925,42.7,3/25/2019,4.25,",,W",0,"T,,W,2400",0,",,W,2400",0,",,W,2400",,,56,",,W",42,",,W"
USW00094728,"NY CITY CENTRAL PARK, NY US",40.77898,-73.96925,42.7,3/26/2019,7.83,",,W",0,",,W,2400",0,",,W,2400",0,",,W,2400",,,49,",,W",33,",,W"
USW00094728,"NY CITY CENTRAL PARK, NY US",40.77898,-73.96925,42.7,3/27/2019,4.03,",,W",0,",,W,2400",0,",,W,2400",0,",,W,2400",,,47,",,W",34,",,W"
USW00094728,"NY CITY CENTRAL PARK, NY US",40.77898,-73.96925,42.7,3/28/2019,1.57,",,W",0,"T,,W,2400",0,",,W,2400",0,",,W,2400",,,53,",,W",37,",,W"
USW00094728,"NY CITY CENTRAL PARK, NY US",40.77898,-73.96925,42.7,3/29/2019,2.01,",,W",0,"T,,W,2400",0,",,W,2400",0,",,W,2400",,,59,",,W",49,",,W"
USW00094728,"NY CITY CENTRAL PARK, NY US",40.77898,-73.96925,42.7,3/30/2019,3.36,",,W",0,",,W,2400",0,",,W,2400",0,",,W,2400",,,70,",,W",52,",,W"
USW00094728,"NY CITY CENTRAL PARK, NY US",40.77898,-73.96925,42.7,3/31/2019,5.82,",,W",0.06,",,W,2400",0,",,W,2400",0,",,W,2400",,,65,",,W",39,",,W"
USW00094728,"NY CITY CENTRAL PARK, NY US",40.77898,-73.96925,42.7,4/1/2019,7.16,",,W",0,",,W,2400",0,",,W,2400",0,",,W,2400",,,46,",,W",33,",,W"
USW00094728,"NY CITY CENTRAL PARK, NY US",40.77898,-73.96925,42.7,4/2/2019,4.47,",,W",0,"T,,W,2400",0,",,W,2400",0,",,W,2400",,,52,",,W",39,",,W"
USW00094728,"NY CITY CENTRAL PARK, NY US",40.77898,-73.96925,42.7,4/3/2019,7.38,",,W",0,",,W,2400",0,",,W,2400",0,",,W,2400",,,67,",,W",41,",,W"
USW00094728,"NY CITY CENTRAL PARK, NY US",40.77898,-73.96925,42.7,4/4/2019,6.71,",,W",0,",,W,2400",0,",,W,2400",0,",,W,2400",,,60,",,W",44,",,W"
USW00094728,"NY CITY CENTRAL PARK, NY US",40.77898,-73.96925,42.7,4/5/2019,5.82,",,W",0.2,",,W,2400",0,",,W,2400",0,",,W,2400",,,45,",,W",38,",,W"
USW00094728,"NY CITY CENTRAL PARK, NY US",40.77898,-73.96925,42.7,4/6/2019,3.36,",,W",0,",,W,2400",0,",,W,2400",0,",,W,2400",,,68,",,W",39,",,W"
USW00094728,"NY CITY CENTRAL PARK, NY US",40.77898,-73.96925,42.7,4/7/2019,1.57,",,W",0,",,W,2400",0,",,W,2400",0,",,W,2400",,,66,",,W",51,",,W"
USW00094728,"NY CITY CENTRAL PARK, NY US",40.77898,-73.96925,42.7,4/8/2019,3.58,",,W",0.26,",,W,2400",0,",,W,2400",0,",,W,2400",,,79,",,W",49,",,W"
USW00094728,"NY CITY CENTRAL PARK, NY US",40.77898,-73.96925,42.7,4/9/2019,2.91,",,W",0.03,",,W,2400",0,",,W,2400",0,",,W,2400",,,51,",,W",46,",,W"
USW00094728,"NY CITY CENTRAL PARK, NY US",40.77898,-73.96925,42.7,4/10/2019,6.49,",,W",0,",,W,2400",0,",,W,2400",0,",,W,2400",,,60,",,W",45,",,W"
USW00094728,"NY CITY CENTRAL PARK, NY US",40.77898,-73.96925,42.7,4/11/2019,3.13,",,W",0,",,W,2400",0,",,W,2400",0,",,W,2400",,,55,",,W",40,",,W"
USW00094728,"NY CITY CENTRAL PARK, NY US",40.77898,-73.96925,42.7,4/12/2019,3.8,",,W",0.63,",,W,2400",0,",,W,2400",0,",,W,2400",,,68,",,W",46,",,W"
USW00094728,"NY CITY CENTRAL PARK, NY US",40.77898,-73.96925,42.7,4/13/2019,2.91,",,W",0.24,",,W,2400",0,",,W,2400",0,",,W,2400",,,77,",,W",59,",,W"
USW00094728,"NY CITY CENTRAL PARK, NY US",40.77898,-73.96925,42.7,4/14/2019,1.57,",,W",0.01,",,W,2400",0,",,W,2400",0,",,W,2400",,,73,",,W",60,",,W"
USW00094728,"NY CITY CENTRAL PARK, NY US",40.77898,-73.96925,42.7,4/15/2019,8.5,",,W",0.96,",,W,2400",0,",,W,2400",0,",,W,2400",,,65,",,W",46,",,W"
USW00094728,"NY CITY CENTRAL PARK, NY US",40.77898,-73.96925,42.7,4/16/2019,9.4,",,W",0,"T,,W,2400",0,",,W,2400",0,",,W,2400",,,66,",,W",44,",,W"
USW00094728,"NY CITY CENTRAL PARK, NY US",40.77898,-73.96925,42.7,4/17/2019,3.13,",,W",0.01,",,W,2400",0,",,W,2400",0,",,W,2400",,,63,",,W",48,",,W"
USW00094728,"NY CITY CENTRAL PARK, NY US",40.77898,-73.96925,42.7,4/18/2019,3.58,",,W",0,"T,,W,2400",0,",,W,2400",0,",,W,2400",,,62,",,W",51,",,W"
USW00094728,"NY CITY CENTRAL PARK, NY US",40.77898,-73.96925,42.7,4/19/2019,3.36,",,W",0.01,",,W,2400",0,",,W,2400",0,",,W,2400",,,80,",,W",58,",,W"
USW00094728,"NY CITY CENTRAL PARK, NY US",40.77898,-73.96925,42.7,4/20/2019,3.8,",,W",0.7,",,W,2400",0,",,W,2400",0,",,W,2400",,,64,",,W",55,",,W"
USW00094728,"NY CITY CENTRAL PARK, NY US",40.77898,-73.96925,42.7,4/21/2019,3.36,",,W",0,",,W,2400",0,",,W,2400",0,",,W,2400",,,66,",,W",53,",,W"
USW00094728,"NY CITY CENTRAL PARK, NY US",40.77898,-73.96925,42.7,4/22/2019,4.47,",,W",0.24,",,W,2400",0,",,W,2400",0,",,W,2400",,,64,",,W",52,",,W"
USW00094728,"NY CITY CENTRAL PARK, NY US",40.77898,-73.96925,42.7,4/23/2019,2.01,",,W",0.08,",,W,2400",0,",,W,2400",0,",,W,2400",,,77,",,W",56,",,W"
USW00094728,"NY CITY CENTRAL PARK, NY US",40.77898,-73.96925,42.7,4/24/2019,5.82,",,W",0,"T,,W,2400",0,",,W,2400",0,",,W,2400",,,69,",,W",55,",,W"
USW00094728,"NY CITY CENTRAL PARK, NY US",40.77898,-73.96925,42.7,4/25/2019,3.36,",,W",0.02,",,W,2400",0,",,W,2400",0,",,W,2400",,,66,",,W",48,",,W"
USW00094728,"NY CITY CENTRAL PARK, NY US",40.77898,-73.96925,42.7,4/26/2019,4.92,",,W",1.03,",,W,2400",0,",,W,2400",0,",,W,2400",,,59,",,W",51,",,W"
USW00094728,"NY CITY CENTRAL PARK, NY US",40.77898,-73.96925,42.7,4/27/2019,6.93,",,W",0.07,",,W,2400",0,",,W,2400",0,",,W,2400",,,58,",,W",47,",,W"
USW00094728,"NY CITY CENTRAL PARK, NY US",40.77898,-73.96925,42.7,4/28/2019,3.8,",,W",0.01,",,W,2400",0,",,W,2400",0,",,W,2400",,,53,",,W",45,",,W"
USW00094728,"NY CITY CENTRAL PARK, NY US",40.77898,-73.96925,42.7,4/29/2019,2.68,",,W",0.01,",,W,2400",0,",,W,2400",0,",,W,2400",,,60,",,W",41,",,W"
USW00094728,"NY CITY CENTRAL PARK, NY US",40.77898,-73.96925,42.7,4/30/2019,2.01,",,W",0.04,",,W,2400",0,",,W,2400",0,",,W,2400",,,60,",,W",48,",,W"
USW00094728,"NY CITY CENTRAL PARK, NY US",40.77898,-73.96925,42.7,5/1/2019,2.46,",,W",0,",,W,2400",0,",,W,2400",0,",,W,2400",,,56,",,W",50,",,W"
USW00094728,"NY CITY CENTRAL PARK, NY US",40.77898,-73.96925,42.7,5/2/2019,2.68,",,W",0.01,",,W,2400",0,",,W,2400",0,",,W,2400",,,78,",,W",50,",,W"
USW00094728,"NY CITY CENTRAL PARK, NY US",40.77898,-73.96925,42.7,5/3/2019,2.46,",,W",0.06,",,W,2400",0,",,W,2400",0,",,W,2400",,,56,",,W",50,",,W"
USW00094728,"NY CITY CENTRAL PARK, NY US",40.77898,-73.96925,42.7,5/4/2019,1.12,",,W",0.11,",,W,2400",0,",,W,2400",0,",,W,2400",,,71,",,W",53,",,W"
USW00094728,"NY CITY CENTRAL PARK, NY US",40.77898,-73.96925,42.7,5/5/2019,7.16,",,W",1.31,",,W,2400",0,",,W,2400",0,",,W,2400",,,58,",,W",51,",,W"
USW00094728,"NY CITY CENTRAL PARK, NY US",40.77898,-73.96925,42.7,5/6/2019,4.03,",,W",0,",,W,2400",0,",,W,2400",0,",,W,2400",,,74,",,W",51,",,W"
USW00094728,"NY CITY CENTRAL PARK, NY US",40.77898,-73.96925,42.7,5/7/2019,1.34,",,W",0.11,",,W,2400",0,",,W,2400",0,",,W,2400",,,70,",,W",52,",,W"
USW00094728,"NY CITY CENTRAL PARK, NY US",40.77898,-73.96925,42.7,5/8/2019,4.47,",,W",0,",,W,2400",0,",,W,2400",0,",,W,2400",,,71,",,W",55,",,W"
USW00094728,"NY CITY CENTRAL PARK, NY US",40.77898,-73.96925,42.7,5/9/2019,5.59,",,W",0,",,W,2400",0,",,W,2400",0,",,W,2400",,,61,",,W",53,",,W"
USW00094728,"NY CITY CENTRAL PARK, NY US",40.77898,-73.96925,42.7,5/10/2019,1.57,",,W",0.04,",,W,2400",0,",,W,2400",0,",,W,2400",,,73,",,W",56,",,W"
USW00094728,"NY CITY CENTRAL PARK, NY US",40.77898,-73.96925,42.7,5/11/2019,3.13,",,W",0.04,",,W,2400",0,",,W,2400",0,",,W,2400",,,69,",,W",56,",,W"
USW00094728,"NY CITY CENTRAL PARK, NY US",40.77898,-73.96925,42.7,5/12/2019,8.5,",,W",1.32,",,W,2400",0,",,W,2400",0,",,W,2400",,,59,",,W",43,",,W"
USW00094728,"NY CITY CENTRAL PARK, NY US",40.77898,-73.96925,42.7,5/13/2019,5.59,",,W",0.7,",,W,2400",0,",,W,2400",0,",,W,2400",,,48,",,W",42,",,W"
USW00094728,"NY CITY CENTRAL PARK, NY US",40.77898,-73.96925,42.7,5/14/2019,2.24,",,W",0.3,",,W,2400",0,",,W,2400",0,",,W,2400",,,52,",,W",44,",,W"
USW00094728,"NY CITY CENTRAL PARK, NY US",40.77898,-73.96925,42.7,5/15/2019,3.8,",,W",0.01,",,W,2400",0,",,W,2400",0,",,W,2400",,,69,",,W",44,",,W"
USW00094728,"NY CITY CENTRAL PARK, NY US",40.77898,-73.96925,42.7,5/16/2019,2.68,",,W",0.12,",,W,2400",0,",,W,2400",0,",,W,2400",,,73,",,W",52,",,W"
USW00094728,"NY CITY CENTRAL PARK, NY US",40.77898,-73.96925,42.7,5/17/2019,4.92,",,W",0.03,",,W,2400",0,",,W,2400",0,",,W,2400",,,76,",,W",60,",,W"
USW00094728,"NY CITY CENTRAL PARK, NY US",40.77898,-73.96925,42.7,5/18/2019,2.68,",,W",0,",,W,2400",0,",,W,2400",0,",,W,2400",,,75,",,W",56,",,W"
USW00094728,"NY CITY CENTRAL PARK, NY US",40.77898,-73.96925,42.7,5/19/2019,2.91,",,W",0.06,",,W,2400",0,",,W,2400",0,",,W,2400",,,76,",,W",60,",,W"
USW00094728,"NY CITY CENTRAL PARK, NY US",40.77898,-73.96925,42.7,5/20/2019,5.37,",,W",0,"T,,W,2400",0,",,W,2400",0,",,W,2400",,,85,",,W",66,",,W"
USW00094728,"NY CITY CENTRAL PARK, NY US",40.77898,-73.96925,42.7,5/21/2019,5.82,",,W",0,",,W,2400",0,",,W,2400",0,",,W,2400",,,71,",,W",56,",,W"
USW00094728,"NY CITY CENTRAL PARK, NY US",40.77898,-73.96925,42.7,5/22/2019,4.25,",,W",0,",,W,2400",0,",,W,2400",0,",,W,2400",,,74,",,W",54,",,W"
USW00094728,"NY CITY CENTRAL PARK, NY US",40.77898,-73.96925,42.7,5/23/2019,4.03,",,W",0.48,",,W,2400",0,",,W,2400",0,",,W,2400",,,72,",,W",55,",,W"
USW00094728,"NY CITY CENTRAL PARK, NY US",40.77898,-73.96925,42.7,5/24/2019,7.61,",,W",0,",,W,2400",0,",,W,2400",0,",,W,2400",,,73,",,W",61,",,W"
USW00094728,"NY CITY CENTRAL PARK, NY US",40.77898,-73.96925,42.7,5/25/2019,4.03,",,W",0,",,W,2400",0,",,W,2400",0,",,W,2400",,,71,",,W",55,",,W"
USW00094728,"NY CITY CENTRAL PARK, NY US",40.77898,-73.96925,42.7,5/26/2019,4.25,",,W",0.2,",,W,2400",0,",,W,2400",0,",,W,2400",,,86,",,W",59,",,W"
USW00094728,"NY CITY CENTRAL PARK, NY US",40.77898,-73.96925,42.7,5/27/2019,3.58,",,W",0,",,W,2400",0,",,W,2400",0,",,W,2400",,,80,",,W",64,",,W"
USW00094728,"NY CITY CENTRAL PARK, NY US",40.77898,-73.96925,42.7,5/28/2019,4.25,",,W",0.17,",,W,2400",0,",,W,2400",0,",,W,2400",,,71,",,W",62,",,W"
USW00094728,"NY CITY CENTRAL PARK, NY US",40.77898,-73.96925,42.7,5/29/2019,4.7,",,W",0.8,",,W,2400",0,",,W,2400",0,",,W,2400",,,70,",,W",56,",,W"
USW00094728,"NY CITY CENTRAL PARK, NY US",40.77898,-73.96925,42.7,5/30/2019,2.01,",,W",0.95,",,W,2400",0,",,W,2400",0,",,W,2400",,,70,",,W",57,",,W"
USW00094728,"NY CITY CENTRAL PARK, NY US",40.77898,-73.96925,42.7,5/31/2019,2.68,",,W",0,"T,,W,2400",0,",,W,2400",0,",,W,2400",,,80,",,W",63,",,W"
USW00094728,"NY CITY CENTRAL PARK, NY US",40.77898,-73.96925,42.7,6/1/2019,2.68,",,W",0,",,W,2400",0,",,W,2400",0,",,W,2400",,,80,",,W",63,",,W"
USW00094728,"NY CITY CENTRAL PARK, NY US",40.77898,-73.96925,42.7,6/2/2019,3.8,",,W",0.86,",,W,2400",0,",,W,2400",0,",,W,2400",,,81,",,W",61,",,W"
USW00094728,"NY CITY CENTRAL PARK, NY US",40.77898,-73.96925,42.7,6/3/2019,5.37,",,W",0,",,W,2400",0,",,W,2400",0,",,W,2400",,,70,",,W",58,",,W"
USW00094728,"NY CITY CENTRAL PARK, NY US",40.77898,-73.96925,42.7,6/4/2019,3.8,",,W",0,",,W,2400",0,",,W,2400",0,",,W,2400",,,70,",,W",54,",,W"
USW00094728,"NY CITY CENTRAL PARK, NY US",40.77898,-73.96925,42.7,6/5/2019,4.47,",,W",0,"T,,W,2400",0,",,W,2400",0,",,W,2400",,,81,",,W",64,",,W"
USW00094728,"NY CITY CENTRAL PARK, NY US",40.77898,-73.96925,42.7,6/6/2019,4.7,",,W",0.04,",,W,2400",0,",,W,2400",0,",,W,2400",,,83,",,W",68,",,W"
USW00094728,"NY CITY CENTRAL PARK, NY US",40.77898,-73.96925,42.7,6/7/2019,2.24,",,W",0,",,W,2400",0,",,W,2400",0,",,W,2400",,,81,",,W",66,",,W"
USW00094728,"NY CITY CENTRAL PARK, NY US",40.77898,-73.96925,42.7,6/8/2019,6.26,",,W",0,",,W,2400",0,",,W,2400",0,",,W,2400",,,81,",,W",63,",,W"
USW00094728,"NY CITY CENTRAL PARK, NY US",40.77898,-73.96925,42.7,6/9/2019,6.49,",,W",0,",,W,2400",0,",,W,2400",0,",,W,2400",,,78,",,W",60,",,W"
USW00094728,"NY CITY CENTRAL PARK, NY US",40.77898,-73.96925,42.7,6/10/2019,6.71,",,W",0.62,",,W,2400",0,",,W,2400",0,",,W,2400",,,70,",,W",60,",,W"
USW00094728,"NY CITY CENTRAL PARK, NY US",40.77898,-73.96925,42.7,6/11/2019,6.26,",,W",0.45,",,W,2400",0,",,W,2400",0,",,W,2400",,,77,",,W",63,",,W"
USW00094728,"NY CITY CENTRAL PARK, NY US",40.77898,-73.96925,42.7,6/12/2019,4.03,",,W",0,",,W,2400",0,",,W,2400",0,",,W,2400",,,74,",,W",59,",,W"
USW00094728,"NY CITY CENTRAL PARK, NY US",40.77898,-73.96925,42.7,6/13/2019,5.82,",,W",0.6,",,W,2400",0,",,W,2400",0,",,W,2400",,,65,",,W",55,",,W"
USW00094728,"NY CITY CENTRAL PARK, NY US",40.77898,-73.96925,42.7,6/14/2019,6.04,",,W",0,",,W,2400",0,",,W,2400",0,",,W,2400",,,73,",,W",58,",,W"
USW00094728,"NY CITY CENTRAL PARK, NY US",40.77898,-73.96925,42.7,6/15/2019,4.47,",,W",0,",,W,2400",0,",,W,2400",0,",,W,2400",,,81,",,W",60,",,W"
USW00094728,"NY CITY CENTRAL PARK, NY US",40.77898,-73.96925,42.7,6/16/2019,5.14,",,W",0.04,",,W,2400",0,",,W,2400",0,",,W,2400",,,80,",,W",65,",,W"
USW00094728,"NY CITY CENTRAL PARK, NY US",40.77898,-73.96925,42.7,6/17/2019,1.34,",,W",0,"T,,W,2400",0,",,W,2400",0,",,W,2400",,,76,",,W",69,",,W"
USW00094728,"NY CITY CENTRAL PARK, NY US",40.77898,-73.96925,42.7,6/18/2019,1.79,",,W",0.79,",,W,2400",0,",,W,2400",0,",,W,2400",,,73,",,W",67,",,W"
USW00094728,"NY CITY CENTRAL PARK, NY US",40.77898,-73.96925,42.7,6/19/2019,2.91,",,W",0.11,",,W,2400",0,",,W,2400",0,",,W,2400",,,71,",,W",66,",,W"
USW00094728,"NY CITY CENTRAL PARK, NY US",40.77898,-73.96925,42.7,6/20/2019,3.13,",,W",0.42,",,W,2400",0,",,W,2400",0,",,W,2400",,,78,",,W",65,",,W"
USW00094728,"NY CITY CENTRAL PARK, NY US",40.77898,-73.96925,42.7,6/21/2019,5.14,",,W",0.53,",,W,2400",0,",,W,2400",0,",,W,2400",,,77,",,W",65,",,W"
USW00094728,"NY CITY CENTRAL PARK, NY US",40.77898,-73.96925,42.7,6/22/2019,5.59,",,W",0,",,W,2400",0,",,W,2400",0,",,W,2400",,,79,",,W",61,",,W"
USW00094728,"NY CITY CENTRAL PARK, NY US",40.77898,-73.96925,42.7,6/23/2019,4.7,",,W",0,",,W,2400",0,",,W,2400",0,",,W,2400",,,83,",,W",64,",,W"
USW00094728,"NY CITY CENTRAL PARK, NY US",40.77898,-73.96925,42.7,6/24/2019,1.79,",,W",0,",,W,2400",0,",,W,2400",0,",,W,2400",,,84,",,W",67,",,W"
USW00094728,"NY CITY CENTRAL PARK, NY US",40.77898,-73.96925,42.7,6/25/2019,2.01,",,W",0.86,",,W,2400",0,",,W,2400",0,",,W,2400",,,84,",,W",72,",,W"
USW00094728,"NY CITY CENTRAL PARK, NY US",40.77898,-73.96925,42.7,6/26/2019,3.13,",,W",0,",,W,2400",0,",,W,2400",0,",,W,2400",,,87,",,W",72,",,W"
USW00094728,"NY CITY CENTRAL PARK, NY US",40.77898,-73.96925,42.7,6/27/2019,2.68,",,W",0,",,W,2400",0,",,W,2400",0,",,W,2400",,,89,",,W",71,",,W"
USW00094728,"NY CITY CENTRAL PARK, NY US",40.77898,-73.96925,42.7,6/28/2019,2.46,",,W",0,",,W,2400",0,",,W,2400",0,",,W,2400",,,89,",,W",73,",,W"
USW00094728,"NY CITY CENTRAL PARK, NY US",40.77898,-73.96925,42.7,6/29/2019,4.7,",,W",0.08,",,W,2400",0,",,W,2400",0,",,W,2400",,,91,",,W",72,",,W"
USW00094728,"NY CITY CENTRAL PARK, NY US",40.77898,-73.96925,42.7,6/30/2019,5.14,",,W",0.06,",,W,2400",0,",,W,2400",0,",,W,2400",,,83,",,W",69,",,W"
USW00094728,"NY CITY CENTRAL PARK, NY US",40.77898,-73.96925,42.7,7/1/2019,4.47,",,W",0,",,W,2400",0,",,W,2400",0,",,W,2400",,,85,",,W",65,",,W"
USW00094728,"NY CITY CENTRAL PARK, NY US",40.77898,-73.96925,42.7,7/2/2019,2.46,",,W",0.02,",,W,2400",0,",,W,2400",0,",,W,2400",,,85,",,W",71,",,W"
USW00094728,"NY CITY CENTRAL PARK, NY US",40.77898,-73.96925,42.7,7/3/2019,1.79,",,W",0,"T,,W,2400",0,",,W,2400",0,",,W,2400",,,87,",,W",75,",,W"
USW00094728,"NY CITY CENTRAL PARK, NY US",40.77898,-73.96925,42.7,7/4/2019,2.68,",,W",0,",,W,2400",0,",,W,2400",0,",,W,2400",,,90,",,W",74,",,W"
USW00094728,"NY CITY CENTRAL PARK, NY US",40.77898,-73.96925,42.7,7/5/2019,2.91,",,W",0,",,W,2400",0,",,W,2400",0,",,W,2400",,,86,",,W",72,",,W"
USW00094728,"NY CITY CENTRAL PARK, NY US",40.77898,-73.96925,42.7,7/6/2019,3.36,",,W",0,"T,,W,2400",0,",,W,2400",0,",,W,2400",,,90,",,W",76,",,W"
USW00094728,"NY CITY CENTRAL PARK, NY US",40.77898,-73.96925,42.7,7/7/2019,4.92,",,W",0,",,W,2400",0,",,W,2400",0,",,W,2400",,,86,",,W",72,",,W"
USW00094728,"NY CITY CENTRAL PARK, NY US",40.77898,-73.96925,42.7,7/8/2019,2.68,",,W",0.04,",,W,2400",0,",,W,2400",0,",,W,2400",,,78,",,W",68,",,W"
USW00094728,"NY CITY CENTRAL PARK, NY US",40.77898,-73.96925,42.7,7/9/2019,2.68,",,W",0,",,W,2400",0,",,W,2400",0,",,W,2400",,,87,",,W",69,",,W"
USW00094728,"NY CITY CENTRAL PARK, NY US",40.77898,-73.96925,42.7,7/10/2019,2.46,",,W",0,",,W,2400",0,",,W,2400",0,",,W,2400",,,88,",,W",74,",,W"
USW00094728,"NY CITY CENTRAL PARK, NY US",40.77898,-73.96925,42.7,7/11/2019,4.47,",,W",0.79,",,W,2400",0,",,W,2400",0,",,W,2400",,,87,",,W",73,",,W"
USW00094728,"NY CITY CENTRAL PARK, NY US",40.77898,-73.96925,42.7,7/12/2019,5.14,",,W",0,",,W,2400",0,",,W,2400",0,",,W,2400",,,87,",,W",72,",,W"
USW00094728,"NY CITY CENTRAL PARK, NY US",40.77898,-73.96925,42.7,7/13/2019,3.8,",,W",0,",,W,2400",0,",,W,2400",0,",,W,2400",,,85,",,W",70,",,W"
USW00094728,"NY CITY CENTRAL PARK, NY US",40.77898,-73.96925,42.7,7/14/2019,4.92,",,W",0,",,W,2400",0,",,W,2400",0,",,W,2400",,,89,",,W",76,",,W"
USW00094728,"NY CITY CENTRAL PARK, NY US",40.77898,-73.96925,42.7,7/15/2019,2.91,",,W",0,",,W,2400",0,",,W,2400",0,",,W,2400",,,85,",,W",68,",,W"
USW00094728,"NY CITY CENTRAL PARK, NY US",40.77898,-73.96925,42.7,7/16/2019,2.91,",,W",0,",,W,2400",0,",,W,2400",0,",,W,2400",,,91,",,W",72,",,W"
USW00094728,"NY CITY CENTRAL PARK, NY US",40.77898,-73.96925,42.7,7/17/2019,3.58,",,W",1.82,",,W,2400",0,",,W,2400",0,",,W,2400",,,93,",,W",73,",,W"
USW00094728,"NY CITY CENTRAL PARK, NY US",40.77898,-73.96925,42.7,7/18/2019,4.92,",,W",0.51,",,W,2400",0,",,W,2400",0,",,W,2400",,,79,",,W",71,",,W"
USW00094728,"NY CITY CENTRAL PARK, NY US",40.77898,-73.96925,42.7,7/19/2019,3.58,",,W",0,",,W,2400",0,",,W,2400",0,",,W,2400",,,91,",,W",71,",,W"
USW00094728,"NY CITY CENTRAL PARK, NY US",40.77898,-73.96925,42.7,7/20/2019,4.25,",,W",0,",,W,2400",0,",,W,2400",0,",,W,2400",,,95,",,W",82,",,W"
USW00094728,"NY CITY CENTRAL PARK, NY US",40.77898,-73.96925,42.7,7/21/2019,4.47,",,W",0,"T,,W,2400",0,",,W,2400",0,",,W,2400",,,95,",,W",80,",,W"
USW00094728,"NY CITY CENTRAL PARK, NY US",40.77898,-73.96925,42.7,7/22/2019,2.68,",,W",1.66,",,W,2400",0,",,W,2400",0,",,W,2400",,,90,",,W",72,",,W"
USW00094728,"NY CITY CENTRAL PARK, NY US",40.77898,-73.96925,42.7,7/23/2019,4.03,",,W",0.53,",,W,2400",0,",,W,2400",0,",,W,2400",,,74,",,W",67,",,W"
USW00094728,"NY CITY CENTRAL PARK, NY US",40.77898,-73.96925,42.7,7/24/2019,2.91,",,W",0.02,",,W,2400",0,",,W,2400",0,",,W,2400",,,83,",,W",67,",,W"
USW00094728,"NY CITY CENTRAL PARK, NY US",40.77898,-73.96925,42.7,7/25/2019,1.79,",,W",0,",,W,2400",0,",,W,2400",0,",,W,2400",,,84,",,W",70,",,W"
USW00094728,"NY CITY CENTRAL PARK, NY US",40.77898,-73.96925,42.7,7/26/2019,1.57,",,W",0,",,W,2400",0,",,W,2400",0,",,W,2400",,,88,",,W",69,",,W"
USW00094728,"NY CITY CENTRAL PARK, NY US",40.77898,-73.96925,42.7,7/27/2019,2.91,",,W",0,",,W,2400",0,",,W,2400",0,",,W,2400",,,85,",,W",72,",,W"
USW00094728,"NY CITY CENTRAL PARK, NY US",40.77898,-73.96925,42.7,7/28/2019,5.37,",,W",0.01,",,W,2400",0,",,W,2400",0,",,W,2400",,,88,",,W",71,",,W"
USW00094728,"NY CITY CENTRAL PARK, NY US",40.77898,-73.96925,42.7,7/29/2019,4.47,",,W",0,",,W,2400",0,",,W,2400",0,",,W,2400",,,90,",,W",73,",,W"
USW00094728,"NY CITY CENTRAL PARK, NY US",40.77898,-73.96925,42.7,7/30/2019,3.36,",,W",0.01,",,W,2400",0,",,W,2400",0,",,W,2400",,,92,",,W",78,",,W"
USW00094728,"NY CITY CENTRAL PARK, NY US",40.77898,-73.96925,42.7,7/31/2019,2.91,",,W",0.36,",,W,2400",0,",,W,2400",0,",,W,2400",,,87,",,W",70,",,W"
USW00094728,"NY CITY CENTRAL PARK, NY US",40.77898,-73.96925,42.7,8/1/2019,2.24,",,W",0,",,W,2400",0,",,W,2400",0,",,W,2400",,,87,",,W",70,",,W"
USW00094728,"NY CITY CENTRAL PARK, NY US",40.77898,-73.96925,42.7,8/2/2019,3.58,",,W",0,",,W,2400",0,",,W,2400",0,",,W,2400",,,84,",,W",73,",,W"
USW00094728,"NY CITY CENTRAL PARK, NY US",40.77898,-73.96925,42.7,8/3/2019,3.58,",,W",0.21,",,W,2400",0,",,W,2400",0,",,W,2400",,,86,",,W",68,",,W"
USW00094728,"NY CITY CENTRAL PARK, NY US",40.77898,-73.96925,42.7,8/4/2019,2.68,",,W",0,",,W,2400",0,",,W,2400",0,",,W,2400",,,87,",,W",69,",,W"
USW00094728,"NY CITY CENTRAL PARK, NY US",40.77898,-73.96925,42.7,8/5/2019,4.47,",,W",0,",,W,2400",0,",,W,2400",0,",,W,2400",,,82,",,W",70,",,W"
USW00094728,"NY CITY CENTRAL PARK, NY US",40.77898,-73.96925,42.7,8/6/2019,3.13,",,W",0.04,",,W,2400",0,",,W,2400",0,",,W,2400",,,79,",,W",71,",,W"
USW00094728,"NY CITY CENTRAL PARK, NY US",40.77898,-73.96925,42.7,8/7/2019,2.68,",,W",1.18,",,W,2400",0,",,W,2400",0,",,W,2400",,,84,",,W",69,",,W"
USW00094728,"NY CITY CENTRAL PARK, NY US",40.77898,-73.96925,42.7,8/8/2019,4.7,",,W",0.2,",,W,2400",0,",,W,2400",0,",,W,2400",,,84,",,W",67,",,W"
USW00094728,"NY CITY CENTRAL PARK, NY US",40.77898,-73.96925,42.7,8/9/2019,3.58,",,W",0.08,",,W,2400",0,",,W,2400",0,",,W,2400",,,83,",,W",68,",,W"
USW00094728,"NY CITY CENTRAL PARK, NY US",40.77898,-73.96925,42.7,8/10/2019,5.14,",,W",0,",,W,2400",0,",,W,2400",0,",,W,2400",,,81,",,W",66,",,W"
USW00094728,"NY CITY CENTRAL PARK, NY US",40.77898,-73.96925,42.7,8/11/2019,3.13,",,W",0,",,W,2400",0,",,W,2400",0,",,W,2400",,,80,",,W",63,",,W"
USW00094728,"NY CITY CENTRAL PARK, NY US",40.77898,-73.96925,42.7,8/12/2019,3.58,",,W",0,",,W,2400",0,",,W,2400",0,",,W,2400",,,85,",,W",68,",,W"
USW00094728,"NY CITY CENTRAL PARK, NY US",40.77898,-73.96925,42.7,8/13/2019,3.58,",,W",0.07,",,W,2400",0,",,W,2400",0,",,W,2400",,,79,",,W",71,",,W"
USW00094728,"NY CITY CENTRAL PARK, NY US",40.77898,-73.96925,42.7,8/14/2019,3.58,",,W",0,"T,,W,2400",0,",,W,2400",0,",,W,2400",,,84,",,W",73,",,W"
USW00094728,"NY CITY CENTRAL PARK, NY US",40.77898,-73.96925,42.7,8/15/2019,4.03,",,W",0,",,W,2400",0,",,W,2400",0,",,W,2400",,,85,",,W",70,",,W"
USW00094728,"NY CITY CENTRAL PARK, NY US",40.77898,-73.96925,42.7,8/16/2019,2.68,",,W",0,",,W,2400",0,",,W,2400",0,",,W,2400",,,79,",,W",68,",,W"
USW00094728,"NY CITY CENTRAL PARK, NY US",40.77898,-73.96925,42.7,8/17/2019,3.36,",,W",0,"T,,W,2400",0,",,W,2400",0,",,W,2400",,,87,",,W",73,",,W"
USW00094728,"NY CITY CENTRAL PARK, NY US",40.77898,-73.96925,42.7,8/18/2019,2.24,",,W",0.64,",,W,2400",0,",,W,2400",0,",,W,2400",,,90,",,W",70,",,W"
USW00094728,"NY CITY CENTRAL PARK, NY US",40.77898,-73.96925,42.7,8/19/2019,2.91,",,W",0,",,W,2400",0,",,W,2400",0,",,W,2400",,,90,",,W",72,",,W"
USW00094728,"NY CITY CENTRAL PARK, NY US",40.77898,-73.96925,42.7,8/20/2019,2.91,",,W",0,",,W,2400",0,",,W,2400",0,",,W,2400",,,88,",,W",75,",,W"
USW00094728,"NY CITY CENTRAL PARK, NY US",40.77898,-73.96925,42.7,8/21/2019,2.91,",,W",0.1,",,W,2400",0,",,W,2400",0,",,W,2400",,,87,",,W",74,",,W"
USW00094728,"NY CITY CENTRAL PARK, NY US",40.77898,-73.96925,42.7,8/22/2019,3.8,",,W",1.01,",,W,2400",0,",,W,2400",0,",,W,2400",,,90,",,W",71,",,W"
USW00094728,"NY CITY CENTRAL PARK, NY US",40.77898,-73.96925,42.7,8/23/2019,3.36,",,W",0.09,",,W,2400",0,",,W,2400",0,",,W,2400",,,74,",,W",65,",,W"
USW00094728,"NY CITY CENTRAL PARK, NY US",40.77898,-73.96925,42.7,8/24/2019,5.14,",,W",0,",,W,2400",0,",,W,2400",0,",,W,2400",,,76,",,W",64,",,W"
USW00094728,"NY CITY CENTRAL PARK, NY US",40.77898,-73.96925,42.7,8/25/2019,8.95,",,W",0,",,W,2400",0,",,W,2400",0,",,W,2400",,,77,",,W",63,",,W"
USW00094728,"NY CITY CENTRAL PARK, NY US",40.77898,-73.96925,42.7,8/26/2019,6.26,",,W",0,",,W,2400",0,",,W,2400",0,",,W,2400",,,74,",,W",61,",,W"
USW00094728,"NY CITY CENTRAL PARK, NY US",40.77898,-73.96925,42.7,8/27/2019,3.13,",,W",0,",,W,2400",0,",,W,2400",0,",,W,2400",,,75,",,W",62,",,W"
USW00094728,"NY CITY CENTRAL PARK, NY US",40.77898,-73.96925,42.7,8/28/2019,3.8,",,W",0.08,",,W,2400",0,",,W,2400",0,",,W,2400",,,74,",,W",67,",,W"
USW00094728,"NY CITY CENTRAL PARK, NY US",40.77898,-73.96925,42.7,8/29/2019,4.03,",,W",0,",,W,2400",0,",,W,2400",0,",,W,2400",,,81,",,W",65,",,W"
USW00094728,"NY CITY CENTRAL PARK, NY US",40.77898,-73.96925,42.7,8/30/2019,4.03,",,W",0,",,W,2400",0,",,W,2400",0,",,W,2400",,,86,",,W",67,",,W"
USW00094728,"NY CITY CENTRAL PARK, NY US",40.77898,-73.96925,42.7,8/31/2019,5.82,",,W",0,",,W,2400",0,",,W,2400",0,",,W,2400",,,81,",,W",69,",,W"
USW00094728,"NY CITY CENTRAL PARK, NY US",40.77898,-73.96925,42.7,9/1/2019,4.47,",,W",0,",,W,2400",0,",,W,2400",0,",,W,2400",,,78,",,W",63,",,W"
USW00094728,"NY CITY CENTRAL PARK, NY US",40.77898,-73.96925,42.7,9/2/2019,2.46,",,W",0.3,",,W,2400",0,",,W,2400",0,",,W,2400",,,74,",,W",69,",,W"
USW00094728,"NY CITY CENTRAL PARK, NY US",40.77898,-73.96925,42.7,9/3/2019,3.36,",,W",0,",,W,2400",0,",,W,2400",0,",,W,2400",,,82,",,W",67,",,W"
USW00094728,"NY CITY CENTRAL PARK, NY US",40.77898,-73.96925,42.7,9/4/2019,3.8,",,W",0,",,W,2400",0,",,W,2400",0,",,W,2400",,,87,",,W",68,",,W"
USW00094728,"NY CITY CENTRAL PARK, NY US",40.77898,-73.96925,42.7,9/5/2019,5.14,",,W",0,",,W,2400",0,",,W,2400",0,",,W,2400",,,74,",,W",65,",,W"
USW00094728,"NY CITY CENTRAL PARK, NY US",40.77898,-73.96925,42.7,9/6/2019,8.28,",,W",0.32,",,W,2400",0,",,W,2400",0,",,W,2400",,,67,",,W",58,",,W"
USW00094728,"NY CITY CENTRAL PARK, NY US",40.77898,-73.96925,42.7,9/7/2019,4.47,",,W",0.02,",,W,2400",0,",,W,2400",0,",,W,2400",,,75,",,W",56,",,W"
USW00094728,"NY CITY CENTRAL PARK, NY US",40.77898,-73.96925,42.7,9/8/2019,2.24,",,W",0,",,W,2400",0,",,W,2400",0,",,W,2400",,,77,",,W",63,",,W"
USW00094728,"NY CITY CENTRAL PARK, NY US",40.77898,-73.96925,42.7,9/9/2019,4.47,",,W",0,"T,,W,2400",0,",,W,2400",0,",,W,2400",,,78,",,W",64,",,W"
USW00094728,"NY CITY CENTRAL PARK, NY US",40.77898,-73.96925,42.7,9/10/2019,2.91,",,W",0.01,",,W,2400",0,",,W,2400",0,",,W,2400",,,76,",,W",66,",,W"
USW00094728,"NY CITY CENTRAL PARK, NY US",40.77898,-73.96925,42.7,9/11/2019,5.14,",,W",0,",,W,2400",0,",,W,2400",0,",,W,2400",,,88,",,W",69,",,W"
USW00094728,"NY CITY CENTRAL PARK, NY US",40.77898,-73.96925,42.7,9/12/2019,4.92,",,W",0.17,",,W,2400",0,",,W,2400",0,",,W,2400",,,81,",,W",61,",,W"
USW00094728,"NY CITY CENTRAL PARK, NY US",40.77898,-73.96925,42.7,9/13/2019,6.49,",,W",0,",,W,2400",0,",,W,2400",0,",,W,2400",,,72,",,W",57,",,W"
USW00094728,"NY CITY CENTRAL PARK, NY US",40.77898,-73.96925,42.7,9/14/2019,2.91,",,W",0,",,W,2400",0,",,W,2400",0,",,W,2400",,,74,",,W",61,",,W"
USW00094728,"NY CITY CENTRAL PARK, NY US",40.77898,-73.96925,42.7,9/15/2019,2.24,",,W",0,",,W,2400",0,",,W,2400",0,",,W,2400",,,82,",,W",68,",,W"
USW00094728,"NY CITY CENTRAL PARK, NY US",40.77898,-73.96925,42.7,9/16/2019,2.01,",,W",0,"T,,W,2400",0,",,W,2400",0,",,W,2400",,,77,",,W",68,",,W"
USW00094728,"NY CITY CENTRAL PARK, NY US",40.77898,-73.96925,42.7,9/17/2019,5.59,",,W",0,",,W,2400",0,",,W,2400",0,",,W,2400",,,76,",,W",62,",,W"
USW00094728,"NY CITY CENTRAL PARK, NY US",40.77898,-73.96925,42.7,9/18/2019,6.49,",,W",0,",,W,2400",0,",,W,2400",0,",,W,2400",,,69,",,W",57,",,W"
USW00094728,"NY CITY CENTRAL PARK, NY US",40.77898,-73.96925,42.7,9/19/2019,2.91,",,W",0,",,W,2400",0,",,W,2400",0,",,W,2400",,,70,",,W",52,",,W"
USW00094728,"NY CITY CENTRAL PARK, NY US",40.77898,-73.96925,42.7,9/20/2019,4.7,",,W",0,",,W,2400",0,",,W,2400",0,",,W,2400",,,78,",,W",56,",,W"
USW00094728,"NY CITY CENTRAL PARK, NY US",40.77898,-73.96925,42.7,9/21/2019,2.68,",,W",0,",,W,2400",0,",,W,2400",0,",,W,2400",,,84,",,W",61,",,W"
USW00094728,"NY CITY CENTRAL PARK, NY US",40.77898,-73.96925,42.7,9/22/2019,3.58,",,W",0,",,W,2400",0,",,W,2400",0,",,W,2400",,,86,",,W",67,",,W"
USW00094728,"NY CITY CENTRAL PARK, NY US",40.77898,-73.96925,42.7,9/23/2019,5.37,",,W",0.11,",,W,2400",0,",,W,2400",0,",,W,2400",,,89,",,W",70,",,W"
USW00094728,"NY CITY CENTRAL PARK, NY US",40.77898,-73.96925,42.7,9/24/2019,5.82,",,W",0,",,W,2400",0,",,W,2400",0,",,W,2400",,,76,",,W",63,",,W"
USW00094728,"NY CITY CENTRAL PARK, NY US",40.77898,-73.96925,42.7,9/25/2019,3.36,",,W",0,",,W,2400",0,",,W,2400",0,",,W,2400",,,79,",,W",58,",,W"
USW00094728,"NY CITY CENTRAL PARK, NY US",40.77898,-73.96925,42.7,9/26/2019,3.58,",,W",0.02,",,W,2400",0,",,W,2400",0,",,W,2400",,,83,",,W",63,",,W"
USW00094728,"NY CITY CENTRAL PARK, NY US",40.77898,-73.96925,42.7,9/27/2019,3.58,",,W",0,",,W,2400",0,",,W,2400",0,",,W,2400",,,76,",,W",59,",,W"
USW00094728,"NY CITY CENTRAL PARK, NY US",40.77898,-73.96925,42.7,9/28/2019,2.91,",,W",0,",,W,2400",0,",,W,2400",0,",,W,2400",,,82,",,W",65,",,W"
USW00094728,"NY CITY CENTRAL PARK, NY US",40.77898,-73.96925,42.7,9/29/2019,6.26,",,W",0,",,W,2400",0,",,W,2400",0,",,W,2400",,,80,",,W",65,",,W"
USW00094728,"NY CITY CENTRAL PARK, NY US",40.77898,-73.96925,42.7,9/30/2019,6.93,",,W",0,",,W,2400",0,",,W,2400",0,",,W,2400",,,71,",,W",60,",,W"
USW00094728,"NY CITY CENTRAL PARK, NY US",40.77898,-73.96925,42.7,10/1/2019,3.8,",,W",0,",,W,2400",0,",,W,2400",0,",,W,2400",,,81,",,W",63,",,W"
USW00094728,"NY CITY CENTRAL PARK, NY US",40.77898,-73.96925,42.7,10/2/2019,6.49,",,W",0.03,",,W,2400",0,",,W,2400",0,",,W,2400",,,93,",,W",63,",,W"
USW00094728,"NY CITY CENTRAL PARK, NY US",40.77898,-73.96925,42.7,10/3/2019,6.26,",,W",0.34,",,W,2400",0,",,W,2400",0,",,W,2400",,,63,",,W",53,",,W"
USW00094728,"NY CITY CENTRAL PARK, NY US",40.77898,-73.96925,42.7,10/4/2019,6.93,",,W",0,"T,,W,2400",0,",,W,2400",0,",,W,2400",,,66,",,W",50,",,W"
USW00094728,"NY CITY CENTRAL PARK, NY US",40.77898,-73.96925,42.7,10/5/2019,4.92,",,W",0,",,W,2400",0,",,W,2400",0,",,W,2400",,,61,",,W",45,",,W"
USW00094728,"NY CITY CENTRAL PARK, NY US",40.77898,-73.96925,42.7,10/6/2019,2.91,",,W",0.01,",,W,2400",0,",,W,2400",0,",,W,2400",,,70,",,W",57,",,W"
USW00094728,"NY CITY CENTRAL PARK, NY US",40.77898,-73.96925,42.7,10/7/2019,4.03,",,W",0.2,",,W,2400",0,",,W,2400",0,",,W,2400",,,79,",,W",59,",,W"
USW00094728,"NY CITY CENTRAL PARK, NY US",40.77898,-73.96925,42.7,10/8/2019,7.83,",,W",0.02,",,W,2400",0,",,W,2400",0,",,W,2400",,,64,",,W",57,",,W"
USW00094728,"NY CITY CENTRAL PARK, NY US",40.77898,-73.96925,42.7,10/9/2019,10.51,",,W",0.54,",,W,2400",0,",,W,2400",0,",,W,2400",,,59,",,W",51,",,W"
USW00094728,"NY CITY CENTRAL PARK, NY US",40.77898,-73.96925,42.7,10/10/2019,9.62,",,W",0,"T,,W,2400",0,",,W,2400",0,",,W,2400",,,71,",,W",53,",,W"
USW00094728,"NY CITY CENTRAL PARK, NY US",40.77898,-73.96925,42.7,10/11/2019,9.17,",,W",0,",,W,2400",0,",,W,2400",0,",,W,2400",,,64,",,W",55,",,W"
USW00094728,"NY CITY CENTRAL PARK, NY US",40.77898,-73.96925,42.7,10/12/2019,3.58,",,W",0,",,W,2400",0,",,W,2400",0,",,W,2400",,,67,",,W",55,",,W"
USW00094728,"NY CITY CENTRAL PARK, NY US",40.77898,-73.96925,42.7,10/13/2019,2.01,",,W",0,"T,,W,2400",0,",,W,2400",0,",,W,2400",,,67,",,W",53,",,W"
USW00094728,"NY CITY CENTRAL PARK, NY US",40.77898,-73.96925,42.7,10/14/2019,4.03,",,W",0,",,W,2400",0,",,W,2400",0,",,W,2400",,,72,",,W",58,",,W"
USW00094728,"NY CITY CENTRAL PARK, NY US",40.77898,-73.96925,42.7,10/15/2019,2.91,",,W",0,",,W,2400",0,",,W,2400",0,",,W,2400",,,64,",,W",51,",,W"
USW00094728,"NY CITY CENTRAL PARK, NY US",40.77898,-73.96925,42.7,10/16/2019,6.49,",,W",1.83,",,W,2400",0,",,W,2400",0,",,W,2400",,,66,",,W",52,",,W"
USW00094728,"NY CITY CENTRAL PARK, NY US",40.77898,-73.96925,42.7,10/17/2019,11.63,",,W",0,",,W,2400",0,",,W,2400",0,",,W,2400",,,57,",,W",51,",,W"
USW00094728,"NY CITY CENTRAL PARK, NY US",40.77898,-73.96925,42.7,10/18/2019,8.72,",,W",0,",,W,2400",0,",,W,2400",0,",,W,2400",,,58,",,W",47,",,W"
USW00094728,"NY CITY CENTRAL PARK, NY US",40.77898,-73.96925,42.7,10/19/2019,2.68,",,W",0,",,W,2400",0,",,W,2400",0,",,W,2400",,,60,",,W",43,",,W"
USW00094728,"NY CITY CENTRAL PARK, NY US",40.77898,-73.96925,42.7,10/20/2019,4.47,",,W",0.54,",,W,2400",0,",,W,2400",0,",,W,2400",,,59,",,W",49,",,W"
USW00094728,"NY CITY CENTRAL PARK, NY US",40.77898,-73.96925,42.7,10/21/2019,4.03,",,W",0,"T,,W,2400",0,",,W,2400",0,",,W,2400",,,67,",,W",51,",,W"
USW00094728,"NY CITY CENTRAL PARK, NY US",40.77898,-73.96925,42.7,10/22/2019,4.47,",,W",0.57,",,W,2400",0,",,W,2400",0,",,W,2400",,,63,",,W",55,",,W"
USW00094728,"NY CITY CENTRAL PARK, NY US",40.77898,-73.96925,42.7,10/23/2019,6.26,",,W",0.01,",,W,2400",0,",,W,2400",0,",,W,2400",,,65,",,W",54,",,W"
USW00094728,"NY CITY CENTRAL PARK, NY US",40.77898,-73.96925,42.7,10/24/2019,3.13,",,W",0,",,W,2400",0,",,W,2400",0,",,W,2400",,,67,",,W",50,",,W"
USW00094728,"NY CITY CENTRAL PARK, NY US",40.77898,-73.96925,42.7,10/25/2019,2.91,",,W",0,",,W,2400",0,",,W,2400",0,",,W,2400",,,65,",,W",52,",,W"
USW00094728,"NY CITY CENTRAL PARK, NY US",40.77898,-73.96925,42.7,10/26/2019,3.36,",,W",0.01,",,W,2400",0,",,W,2400",0,",,W,2400",,,63,",,W",52,",,W"
USW00094728,"NY CITY CENTRAL PARK, NY US",40.77898,-73.96925,42.7,10/27/2019,4.92,",,W",1.38,",,W,2400",0,",,W,2400",0,",,W,2400",,,67,",,W",55,",,W"
USW00094728,"NY CITY CENTRAL PARK, NY US",40.77898,-73.96925,42.7,10/28/2019,3.58,",,W",0,",,W,2400",0,",,W,2400",0,",,W,2400",,,63,",,W",55,",,W"
USW00094728,"NY CITY CENTRAL PARK, NY US",40.77898,-73.96925,42.7,10/29/2019,4.03,",,W",0.07,",,W,2400",0,",,W,2400",0,",,W,2400",,,59,",,W",54,",,W"
USW00094728,"NY CITY CENTRAL PARK, NY US",40.77898,-73.96925,42.7,10/30/2019,3.13,",,W",0.06,",,W,2400",0,",,W,2400",0,",,W,2400",,,63,",,W",58,",,W"
USW00094728,"NY CITY CENTRAL PARK, NY US",40.77898,-73.96925,42.7,10/31/2019,5.14,",,W",0.54,",,W,2400",0,",,W,2400",0,",,W,2400",,,71,",,W",60,",,W"
USW00094728,"NY CITY CENTRAL PARK, NY US",40.77898,-73.96925,42.7,11/1/2019,9.4,",,W",0.11,",,W,2400",0,",,W,2400",0,",,W,2400",,,71,",,W",42,",,W"
USW00094728,"NY CITY CENTRAL PARK, NY US",40.77898,-73.96925,42.7,11/2/2019,3.8,",,W",0,",,W,2400",0,",,W,2400",0,",,W,2400",,,53,",,W",40,",,W"
USW00094728,"NY CITY CENTRAL PARK, NY US",40.77898,-73.96925,42.7,11/3/2019,4.92,",,W",0,",,W,2400",0,",,W,2400",0,",,W,2400",,,54,",,W",42,",,W"
USW00094728,"NY CITY CENTRAL PARK, NY US",40.77898,-73.96925,42.7,11/4/2019,3.13,",,W",0,",,W,2400",0,",,W,2400",0,",,W,2400",,,56,",,W",41,",,W"
USW00094728,"NY CITY CENTRAL PARK, NY US",40.77898,-73.96925,42.7,11/5/2019,2.91,",,W",0,",,W,2400",0,",,W,2400",0,",,W,2400",,,61,",,W",51,",,W"
USW00094728,"NY CITY CENTRAL PARK, NY US",40.77898,-73.96925,42.7,11/6/2019,4.92,",,W",0,",,W,2400",0,",,W,2400",0,",,W,2400",,,54,",,W",45,",,W"
USW00094728,"NY CITY CENTRAL PARK, NY US",40.77898,-73.96925,42.7,11/7/2019,4.7,",,W",0.1,",,W,2400",0,",,W,2400",0,",,W,2400",,,57,",,W",41,",,W"
USW00094728,"NY CITY CENTRAL PARK, NY US",40.77898,-73.96925,42.7,11/8/2019,7.61,",,W",0,",,W,2400",0,",,W,2400",0,",,W,2400",,,41,",,W",29,",,W"
USW00094728,"NY CITY CENTRAL PARK, NY US",40.77898,-73.96925,42.7,11/9/2019,3.13,",,W",0,",,W,2400",0,",,W,2400",0,",,W,2400",,,41,",,W",27,",,W"
USW00094728,"NY CITY CENTRAL PARK, NY US",40.77898,-73.96925,42.7,11/10/2019,3.8,",,W",0,",,W,2400",0,",,W,2400",0,",,W,2400",,,51,",,W",38,",,W"
USW00094728,"NY CITY CENTRAL PARK, NY US",40.77898,-73.96925,42.7,11/11/2019,2.46,",,W",0,",,W,2400",0,",,W,2400",0,",,W,2400",,,62,",,W",46,",,W"
USW00094728,"NY CITY CENTRAL PARK, NY US",40.77898,-73.96925,42.7,11/12/2019,9.4,",,W",0.04,",,W,2400",0,",,W,2400",0,",,W,2400",,,57,",,W",25,",,W"
USW00094728,"NY CITY CENTRAL PARK, NY US",40.77898,-73.96925,42.7,11/13/2019,5.37,",,W",0,",,W,2400",0,",,W,2400",0,",,W,2400",,,34,",,W",23,",,W"
USW00094728,"NY CITY CENTRAL PARK, NY US",40.77898,-73.96925,42.7,11/14/2019,4.25,",,W",0,",,W,2400",0,",,W,2400",0,",,W,2400",,,45,",,W",28,",,W"
USW00094728,"NY CITY CENTRAL PARK, NY US",40.77898,-73.96925,42.7,11/15/2019,4.25,",,W",0,",,W,2400",0,",,W,2400",0,",,W,2400",,,51,",,W",37,",,W"
USW00094728,"NY CITY CENTRAL PARK, NY US",40.77898,-73.96925,42.7,11/16/2019,10.29,",,W",0,",,W,2400",0,",,W,2400",0,",,W,2400",,,42,",,W",31,",,W"
USW00094728,"NY CITY CENTRAL PARK, NY US",40.77898,-73.96925,42.7,11/17/2019,10.51,",,W",0,",,W,2400",0,",,W,2400",0,",,W,2400",,,43,",,W",30,",,W"
USW00094728,"NY CITY CENTRAL PARK, NY US",40.77898,-73.96925,42.7,11/18/2019,6.04,",,W",0.48,",,W,2400",0,",,W,2400",0,",,W,2400",,,42,",,W",37,",,W"
USW00094728,"NY CITY CENTRAL PARK, NY US",40.77898,-73.96925,42.7,11/19/2019,4.47,",,W",0.18,",,W,2400",,,0,",,W,2400",,,48,",,W",40,",,W"
USW00094728,"NY CITY CENTRAL PARK, NY US",40.77898,-73.96925,42.7,11/20/2019,5.14,",,W",0,",,W,2400",0,",,W,2400",0,",,W,2400",,,49,",,W",40,",,W"
USW00094728,"NY CITY CENTRAL PARK, NY US",40.77898,-73.96925,42.7,11/21/2019,4.47,",,W",0,",,W,2400",0,",,W,2400",0,",,W,2400",,,53,",,W",39,",,W"
USW00094728,"NY CITY CENTRAL PARK, NY US",40.77898,-73.96925,42.7,11/22/2019,7.38,",,W",0.07,",,W,2400",0,",,W,2400",0,",,W,2400",,,53,",,W",38,",,W"
USW00094728,"NY CITY CENTRAL PARK, NY US",40.77898,-73.96925,42.7,11/23/2019,4.25,",,W",0.03,",,W,2400",0,",,W,2400",0,",,W,2400",,,45,",,W",34,",,W"
USW00094728,"NY CITY CENTRAL PARK, NY US",40.77898,-73.96925,42.7,11/24/2019,8.05,",,W",0.9,",,W,2400",0,",,W,2400",0,",,W,2400",,,46,",,W",40,",,W"
USW00094728,"NY CITY CENTRAL PARK, NY US",40.77898,-73.96925,42.7,11/25/2019,5.14,",,W",0,",,W,2400",0,",,W,2400",0,",,W,2400",,,53,",,W",39,",,W"
USW00094728,"NY CITY CENTRAL PARK, NY US",40.77898,-73.96925,42.7,11/26/2019,4.25,",,W",0,",,W,2400",0,",,W,2400",0,",,W,2400",,,61,",,W",44,",,W"
USW00094728,"NY CITY CENTRAL PARK, NY US",40.77898,-73.96925,42.7,11/27/2019,4.25,",,W",0.04,",,W,2400",0,",,W,2400",0,",,W,2400",,,59,",,W",49,",,W"
USW00094728,"NY CITY CENTRAL PARK, NY US",40.77898,-73.96925,42.7,11/28/2019,11.41,",,W",0,"T,,W,2400",0,",,W,2400",0,",,W,2400",,,53,",,W",37,",,W"
USW00094728,"NY CITY CENTRAL PARK, NY US",40.77898,-73.96925,42.7,11/29/2019,6.26,",,W",0,",,W,2400",0,",,W,2400",0,",,W,2400",,,40,",,W",30,",,W"
USW00094728,"NY CITY CENTRAL PARK, NY US",40.77898,-73.96925,42.7,11/30/2019,4.25,",,W",0,",,W,2400",0,",,W,2400",0,",,W,2400",,,43,",,W",31,",,W"
USW00094728,"NY CITY CENTRAL PARK, NY US",40.77898,-73.96925,42.7,12/1/2019,9.84,",,W",0.62,",,W,2400",0,"T,,W,2400",0,",,W,2400",,,39,",,W",30,",,W"
USW00094728,"NY CITY CENTRAL PARK, NY US",40.77898,-73.96925,42.7,12/2/2019,8.5,",,W",0.48,",,W,2400",1.3,",,W,2400",0,",,W,2400",,,37,",,W",31,",,W"
USW00094728,"NY CITY CENTRAL PARK, NY US",40.77898,-73.96925,42.7,12/3/2019,7.16,",,W",0.02,",,W,2400",0.3,",,W,2400",1.2,",,W,2400",,,36,",,W",30,",,W"
USW00094728,"NY CITY CENTRAL PARK, NY US",40.77898,-73.96925,42.7,12/4/2019,5.37,",,W",0,"T,,W,2400",0,",,W,2400",0,",,W,2400",,,39,",,W",32,",,W"
USW00094728,"NY CITY CENTRAL PARK, NY US",40.77898,-73.96925,42.7,12/5/2019,9.4,",,W",0,",,W,2400",0,",,W,2400",0,",,W,2400",,,42,",,W",36,",,W"
USW00094728,"NY CITY CENTRAL PARK, NY US",40.77898,-73.96925,42.7,12/6/2019,7.38,",,W",0,",,W,2400",0,",,W,2400",0,",,W,2400",,,50,",,W",34,",,W"
USW00094728,"NY CITY CENTRAL PARK, NY US",40.77898,-73.96925,42.7,12/7/2019,6.93,",,W",0,",,W,2400",0,",,W,2400",0,",,W,2400",,,38,",,W",30,",,W"
USW00094728,"NY CITY CENTRAL PARK, NY US",40.77898,-73.96925,42.7,12/8/2019,2.68,",,W",0,",,W,2400",0,",,W,2400",0,",,W,2400",,,46,",,W",28,",,W"
USW00094728,"NY CITY CENTRAL PARK, NY US",40.77898,-73.96925,42.7,12/9/2019,4.47,",,W",1.57,",,W,2400",0,",,W,2400",0,",,W,2400",,,55,",,W",42,",,W"
USW00094728,"NY CITY CENTRAL PARK, NY US",40.77898,-73.96925,42.7,12/10/2019,6.93,",,W",0.13,",,W,2400",0,",,W,2400",0,",,W,2400",,,58,",,W",39,",,W"
USW00094728,"NY CITY CENTRAL PARK, NY US",40.77898,-73.96925,42.7,12/11/2019,6.26,",,W",0.26,",,W,2400",0.2,",,W,2400",0,"T,,W,2400",,,40,",,W",31,",,W"
USW00094728,"NY CITY CENTRAL PARK, NY US",40.77898,-73.96925,42.7,12/12/2019,4.7,",,W",0,",,W,2400",0,",,W,2400",0,",,W,2400",,,36,",,W",26,",,W"
USW00094728,"NY CITY CENTRAL PARK, NY US",40.77898,-73.96925,42.7,12/13/2019,5.82,",,W",0.81,",,W,2400",0,",,W,2400",0,",,W,2400",,,48,",,W",33,",,W"
USW00094728,"NY CITY CENTRAL PARK, NY US",40.77898,-73.96925,42.7,12/14/2019,6.04,",,W",1.16,",,W,2400",0,",,W,2400",0,",,W,2400",,,56,",,W",45,",,W"
USW00094728,"NY CITY CENTRAL PARK, NY US",40.77898,-73.96925,42.7,12/15/2019,9.62,",,W",0,",,W,2400",0,",,W,2400",0,",,W,2400",,,49,",,W",37,",,W"
USW00094728,"NY CITY CENTRAL PARK, NY US",40.77898,-73.96925,42.7,12/16/2019,3.8,",,W",0.1,",,W,2400",0,",,W,2400",0,",,W,2400",,,37,",,W",33,",,W"
USW00094728,"NY CITY CENTRAL PARK, NY US",40.77898,-73.96925,42.7,12/17/2019,8.72,",,W",0.9,",,W,2400",0,",,W,2400",0,",,W,2400",,,35,",,W",32,",,W"
USW00094728,"NY CITY CENTRAL PARK, NY US",40.77898,-73.96925,42.7,12/18/2019,8.95,",,W",0.03,",,W,2400",0.7,",,W,2400",0,",,W,2400",,,36,",,W",21,",,W"
USW00094728,"NY CITY CENTRAL PARK, NY US",40.77898,-73.96925,42.7,12/19/2019,10.51,",,W",0,",,W,2400",0,",,W,2400",0,"T,,W,2400",,,25,",,W",16,",,W"
USW00094728,"NY CITY CENTRAL PARK, NY US",40.77898,-73.96925,42.7,12/20/2019,6.04,",,W",0,",,W,2400",0,",,W,2400",0,"T,,W,2400",,,33,",,W",22,",,W"
USW00094728,"NY CITY CENTRAL PARK, NY US",40.77898,-73.96925,42.7,12/21/2019,2.91,",,W",0,",,W,2400",0,",,W,2400",0,",,W,2400",,,35,",,W",23,",,W"
USW00094728,"NY CITY CENTRAL PARK, NY US",40.77898,-73.96925,42.7,12/22/2019,4.7,",,W",0,",,W,2400",0,",,W,2400",0,",,W,2400",,,46,",,W",30,",,W"
USW00094728,"NY CITY CENTRAL PARK, NY US",40.77898,-73.96925,42.7,12/23/2019,4.7,",,W",0,",,W,2400",0,",,W,2400",0,",,W,2400",,,57,",,W",41,",,W"
USW00094728,"NY CITY CENTRAL PARK, NY US",40.77898,-73.96925,42.7,12/24/2019,5.82,",,W",0,",,W,2400",0,",,W,2400",0,",,W,2400",,,47,",,W",36,",,W"
USW00094728,"NY CITY CENTRAL PARK, NY US",40.77898,-73.96925,42.7,12/25/2019,3.58,",,W",0,",,W,2400",0,",,W,2400",0,",,W,2400",,,47,",,W",32,",,W"
USW00094728,"NY CITY CENTRAL PARK, NY US",40.77898,-73.96925,42.7,12/26/2019,5.82,",,W",0,",,W,2400",0,",,W,2400",0,",,W,2400",,,46,",,W",36,",,W"
USW00094728,"NY CITY CENTRAL PARK, NY US",40.77898,-73.96925,42.7,12/27/2019,4.47,",,W",0,",,W,2400",0,",,W,2400",0,",,W,2400",,,54,",,W",46,",,W"
USW00094728,"NY CITY CENTRAL PARK, NY US",40.77898,-73.96925,42.7,12/28/2019,4.03,",,W",0,",,W,2400",0,",,W,2400",0,",,W,2400",,,51,",,W",43,",,W"
USW00094728,"NY CITY CENTRAL PARK, NY US",40.77898,-73.96925,42.7,12/29/2019,4.92,",,W",0.25,",,W,2400",0,",,W,2400",0,",,W,2400",,,44,",,W",39,",,W"
USW00094728,"NY CITY CENTRAL PARK, NY US",40.77898,-73.96925,42.7,12/30/2019,12.75,",,W",0.74,",,W,2400",0,"T,,W,2400",0,",,W,2400",,,41,",,W",37,",,W"
USW00094728,"NY CITY CENTRAL PARK, NY US",40.77898,-73.96925,42.7,12/31/2019,5.14,",,W",0.02,",,W,2400",0,",,W,2400",0,",,W,2400",,,45,",,W",36,",,W"
